Image Path,Image Name,Female (yes/no),Male (yes/no)
dataset/images/000005.jpg,000005.jpg,no,yes
dataset/images/000008.jpg,000008.jpg,yes,no
dataset/images/000086.jpg,000086.jpg,no,yes
dataset/images/000033.jpg,000033.jpg,no,yes
dataset/images/000083.jpg,000083.jpg,yes,no
dataset/images/000074.jpg,000074.jpg,no,yes
dataset/images/000078.jpg,000078.jpg,no,yes
dataset/images/000017.jpg,000017.jpg,yes,no
dataset/images/000093.jpg,000093.jpg,no,yes
dataset/images/000022.jpg,000022.jpg,no,yes
dataset/images/000098.jpg,000098.jpg,no,yes
dataset/images/000081.jpg,000081.jpg,yes,no
dataset/images/000014.jpg,000014.jpg,no,yes
dataset/images/000047.jpg,000047.jpg,no,yes
dataset/images/000082.jpg,000082.jpg,yes,no
dataset/images/000097.jpg,000097.jpg,no,yes
dataset/images/000018.jpg,000018.jpg,no,yes
dataset/images/000053.jpg,000053.jpg,no,yes
dataset/images/000075.jpg,000075.jpg,yes,no
dataset/images/000002.jpg,000002.jpg,no,yes
dataset/images/000037.jpg,000037.jpg,no,yes
dataset/images/000023.jpg,000023.jpg,no,yes
dataset/images/000049.jpg,000049.jpg,yes,no
dataset/images/000069.jpg,000069.jpg,no,yes
dataset/images/000021.jpg,000021.jpg,no,yes
dataset/images/000061.jpg,000061.jpg,no,yes
dataset/images/000089.jpg,000089.jpg,yes,no
dataset/images/000105.jpg,000105.jpg,no,yes
dataset/images/000041.jpg,000041.jpg,no,yes
dataset/images/000076.jpg,000076.jpg,no,yes
dataset/images/000101.jpg,000101.jpg,no,yes
dataset/images/000100.jpg,000100.jpg,no,yes
dataset/images/000003.jpg,000003.jpg,no,yes
dataset/images/000048.jpg,000048.jpg,yes,no
dataset/images/000066.jpg,000066.jpg,yes,no
dataset/images/000046.jpg,000046.jpg,no,yes
dataset/images/000050.jpg,000050.jpg,yes,no
dataset/images/000010.jpg,000010.jpg,yes,no
dataset/images/000102.jpg,000102.jpg,no,yes
dataset/images/000070.jpg,000070.jpg,no,yes
dataset/images/000096.jpg,000096.jpg,no,yes
dataset/images/000028.jpg,000028.jpg,yes,no
dataset/images/000077.jpg,000077.jpg,yes,no
dataset/images/000055.jpg,000055.jpg,no,yes
dataset/images/000099.jpg,000099.jpg,no,yes
dataset/images/000079.jpg,000079.jpg,no,yes
dataset/images/000004.jpg,000004.jpg,no,yes
dataset/images/000043.jpg,000043.jpg,yes,no
dataset/images/000091.jpg,000091.jpg,no,yes
dataset/images/000011.jpg,000011.jpg,no,yes
dataset/images/000019.jpg,000019.jpg,no,yes
dataset/images/000060.jpg,000060.jpg,no,yes
dataset/images/000026.jpg,000026.jpg,no,yes
dataset/images/000054.jpg,000054.jpg,yes,no
dataset/images/000062.jpg,000062.jpg,yes,no
dataset/images/000031.jpg,000031.jpg,no,yes
dataset/images/000027.jpg,000027.jpg,yes,no
dataset/images/000016.jpg,000016.jpg,yes,no
dataset/images/000094.jpg,000094.jpg,no,yes
dataset/images/000020.jpg,000020.jpg,no,yes
dataset/images/000063.jpg,000063.jpg,no,yes
dataset/images/000058.jpg,000058.jpg,yes,no
dataset/images/000071.jpg,000071.jpg,yes,no
dataset/images/000007.jpg,000007.jpg,no,yes
dataset/images/000029.jpg,000029.jpg,no,yes
dataset/images/000025.jpg,000025.jpg,no,yes
dataset/images/000001.jpg,000001.jpg,yes,no
dataset/images/000104.jpg,000104.jpg,no,yes
dataset/images/000032.jpg,000032.jpg,no,yes
dataset/images/000072.jpg,000072.jpg,no,yes
dataset/images/000065.jpg,000065.jpg,no,yes
dataset/images/000042.jpg,000042.jpg,yes,no
dataset/images/000030.jpg,000030.jpg,yes,no
dataset/images/000013.jpg,000013.jpg,no,yes
dataset/images/000084.jpg,000084.jpg,yes,no
dataset/images/000073.jpg,000073.jpg,yes,no
dataset/images/000015.jpg,000015.jpg,no,yes
dataset/images/000038.jpg,000038.jpg,no,yes
dataset/images/000090.jpg,000090.jpg,no,yes
dataset/images/000045.jpg,000045.jpg,yes,no
dataset/images/000068.jpg,000068.jpg,no,yes
dataset/images/000056.jpg,000056.jpg,no,yes
dataset/images/000085.jpg,000085.jpg,yes,no
dataset/images/000088.jpg,000088.jpg,no,yes
dataset/images/000044.jpg,000044.jpg,yes,no
dataset/images/000039.jpg,000039.jpg,no,yes
dataset/images/000012.jpg,000012.jpg,no,yes
dataset/images/000051.jpg,000051.jpg,yes,no
dataset/images/000006.jpg,000006.jpg,no,yes
dataset/images/000034.jpg,000034.jpg,no,yes
dataset/images/000080.jpg,000080.jpg,no,yes
dataset/images/000064.jpg,000064.jpg,no,yes
dataset/images/000036.jpg,000036.jpg,no,yes
dataset/images/000059.jpg,000059.jpg,no,yes
dataset/images/000040.jpg,000040.jpg,yes,no
dataset/images/000087.jpg,000087.jpg,yes,no
dataset/images/000009.jpg,000009.jpg,yes,no
dataset/images/000057.jpg,000057.jpg,no,yes
dataset/images/000103.jpg,000103.jpg,no,yes
dataset/images/000095.jpg,000095.jpg,no,yes
dataset/images/000052.jpg,000052.jpg,no,yes
dataset/images/000035.jpg,000035.jpg,no,yes
dataset/images/000024.jpg,000024.jpg,no,yes
dataset/images/000092.jpg,000092.jpg,no,yes
dataset/images/000067.jpg,000067.jpg,no,yes
